username;name;email;
rogoszmaciej;Maciej Rogosz;rogoszmaciej@gmail.com;
cobenharlan;Harlan Coben;cobenharlan@gmail.com;
sinickaalicja;Alicja Sinicka;sinickaalicja@gmail.com;
mrozremigiusz;Remigiusz Mróz;mrozremigiusz@gmail.com;
collinssuzanne;Suzanne Collins;collinssuzanne@gmail.com;
wolfanna;Anna Wolf;wolfanna@gmail.com;
